id,full_name,email,city,country,created_at
u001,Liam Johnson,liam.johnson1@example.com,Paris,France,2025-05-16T00:00:00
u002,Vivaan Singh,vivaan.singh2@example.com,London,UK,2025-07-05T00:00:00
u003,Daniel Garcia,daniel.garcia3@example.com,Milan,Italy,2025-06-19T00:00:00
u004,Rohan Mehta,rohan.mehta4@example.com,Bangalore,India,2024-08-30T00:00:00
u005,Charlotte Sharma,charlotte.sharma5@example.com,Bangalore,India,2025-06-13T00:00:00
u006,Lucas Garcia,lucas.garcia6@example.com,Paris,France,2024-10-15T00:00:00
u007,Zara Singh,zara.singh7@example.com,New York,USA,2024-06-20T00:00:00
u008,Harper Mehta,harper.mehta8@example.com,Paris,France,2025-01-22T00:00:00
u009,Ava Iyer,ava.iyer9@example.com,Paris,France,2024-09-23T00:00:00
u010,Priya Gupta,priya.gupta10@example.com,New York,USA,2024-11-16T00:00:00
u011,Reyansh Khan,reyansh.khan11@example.com,Lyon,France,2024-11-27T00:00:00
u012,Evelyn Brown,evelyn.brown12@example.com,Madrid,Spain,2024-11-17T00:00:00
u013,Priya Singh,priya.singh13@example.com,Lyon,France,2024-08-31T00:00:00
u014,Matthew Rao,matthew.rao14@example.com,Mumbai,India,2024-07-26T00:00:00
u015,Ella Garcia,ella.garcia15@example.com,London,UK,2025-06-09T00:00:00
u016,Sophia Garcia,sophia.garcia16@example.com,Milan,Italy,2025-02-17T00:00:00
u017,Arjun Brown,arjun.brown17@example.com,Milan,Italy,2024-09-06T00:00:00
u018,Aanya Patel,aanya.patel18@example.com,New York,USA,2024-06-01T00:00:00
u019,Aiden Martinez,aiden.martinez19@example.com,Paris,France,2024-12-04T00:00:00
u020,Logan Khan,logan.khan20@example.com,London,UK,2025-04-16T00:00:00
u021,Sophia Singh,sophia.singh21@example.com,Lyon,France,2025-02-15T00:00:00
u022,Aditya Garcia,aditya.garcia22@example.com,London,UK,2024-12-24T00:00:00
u023,Myra Martinez,myra.martinez23@example.com,Bangalore,India,2024-09-07T00:00:00
u024,Charlotte Brown,charlotte.brown24@example.com,Bangalore,India,2025-04-12T00:00:00
u025,Emily Iyer,emily.iyer25@example.com,New York,USA,2025-03-08T00:00:00
u026,Aarav Iyer,aarav.iyer26@example.com,Lyon,France,2024-09-16T00:00:00
u027,Logan Anderson,logan.anderson27@example.com,Milan,Italy,2025-05-02T00:00:00
u028,Sophia Miller,sophia.miller28@example.com,Berlin,Germany,2025-01-13T00:00:00
u029,Ishaan Wilson,ishaan.wilson29@example.com,Berlin,Germany,2025-06-12T00:00:00
u030,Zara Khan,zara.khan30@example.com,Lyon,France,2025-02-19T00:00:00
u031,Henry Smith,henry.smith31@example.com,Delhi,India,2025-06-20T00:00:00
u032,Vivaan Iyer,vivaan.iyer32@example.com,Paris,France,2024-09-10T00:00:00
u033,Rohan Sharma,rohan.sharma33@example.com,Mumbai,India,2024-10-04T00:00:00
u034,Harper Taylor,harper.taylor34@example.com,Delhi,India,2025-01-20T00:00:00
u035,Charlotte Anderson,charlotte.anderson35@example.com,Paris,France,2025-06-03T00:00:00
u036,Isabella Davis,isabella.davis36@example.com,New York,USA,2024-10-03T00:00:00
u037,Rohan Sharma,rohan.sharma37@example.com,Delhi,India,2025-07-04T00:00:00
u038,Logan Mehta,logan.mehta38@example.com,Bangalore,India,2025-05-23T00:00:00
u039,Aiden Miller,aiden.miller39@example.com,Mumbai,India,2025-03-13T00:00:00
u040,Vivaan Singh,vivaan.singh40@example.com,Berlin,Germany,2024-08-08T00:00:00
